Year,Category,Subject,World Rank,Institution,Country,Total Score,Q1,CNCI,IC,TOP,AWARD
2021,Natural Sciences,Mathematics,1,Paris-Saclay University,France,328.5,89.4,71.0,73.8,88.9,100.0
2021,Natural Sciences,Mathematics,2,Princeton University,United States,311.2,72.8,88.1,65.8,100.0,81.2
2021,Natural Sciences,Mathematics,3,Sorbonne University,France,269.1,100.0,70.4,72.9,93.2,26.1
2021,Natural Sciences,Mathematics,4,University of Cambridge,United Kingdom,262.9,64.5,88.7,79.7,77.8,60.3
2021,Natural Sciences,Mathematics,5,University of Oxford,United Kingdom,256.2,80.5,73.2,76.9,76.1,47.7
2021,Natural Sciences,Mathematics,6,Stanford University,United States,251.3,64.9,86.6,65.2,87.4,42.6
2021,Natural Sciences,Mathematics,7,Massachusetts Institute of Technology (MIT),United States,243.5,80.1,83.6,64.0,82.7,26.1
2021,Natural Sciences,Mathematics,8,New York University,United States,243.1,61.9,93.2,67.8,60.7,60.3
2021,Natural Sciences,Mathematics,9,ETH Zurich,Switzerland,234.1,72.3,76.7,79.5,64.9,42.6
2021,Natural Sciences,Mathematics,10,The University of Texas at Austin,United States,227.2,67.3,82.8,67.3,48.7,56.4
2021,Natural Sciences,Mathematics,11,"University of California, Los Angeles",United States,219.7,63.7,82.3,65.4,64.9,36.9
2021,Natural Sciences,Mathematics,12,"University of California, Berkeley",United States,218.4,71.5,77.2,63.2,74.3,21.3
2021,Natural Sciences,Mathematics,13,PSL University,France,214.4,71.5,79.5,72.8,58.5,30.2
2021,Natural Sciences,Mathematics,14,University of Bonn,Germany,212.8,65.8,76.6,73.7,51.3,42.6
2021,Natural Sciences,Mathematics,15,University of Wisconsin - Madison,United States,209.3,58.6,77.5,64.9,68.8,30.2
2021,Natural Sciences,Mathematics,16,Harvard University,United States,200.6,48.5,80.6,64.3,68.8,30.2
2021,Natural Sciences,Mathematics,17,Imperial College London,United Kingdom,199.5,71.8,81.3,81.9,70.7,0.0
2021,Natural Sciences,Mathematics,18,University of Warwick,United Kingdom,198.1,59.1,69.7,78.0,45.9,42.6
2021,Natural Sciences,Mathematics,19,Stony Brook University,United States,197.6,44.7,76.5,67.5,58.5,42.6
2021,Natural Sciences,Mathematics,20,University of Chicago,United States,196.5,63.8,78.2,62.5,81.1,0.0
2021,Natural Sciences,Mathematics,21,"Rutgers, The State University of New Jersey - New Brunswick",United States,195.6,59.4,70.0,74.5,56.2,30.2
2021,Natural Sciences,Mathematics,22,University of Paris,France,189.1,67.7,68.7,72.6,72.5,0.0
2021,Natural Sciences,Mathematics,23,Kyoto University,Japan,187.6,58.1,66.5,60.2,62.8,21.3
2021,Natural Sciences,Mathematics,24,The Hebrew University of Jerusalem,Israel,181.2,44.0,60.7,79.0,64.9,26.1
2021,Natural Sciences,Mathematics,25,Columbia University,United States,178.9,56.7,83.3,68.6,66.9,0.0
2021,Natural Sciences,Mathematics,26,University of Toronto,Canada,176.6,59.7,64.5,79.4,68.8,0.0
2021,Natural Sciences,Mathematics,27,University of Illinois at Urbana-Champaign,United States,175.5,59.5,64.6,68.5,48.7,21.3
2021,Natural Sciences,Mathematics,27,University of Michigan-Ann Arbor,United States,175.5,66.4,68.0,61.3,62.8,0.0
2021,Natural Sciences,Mathematics,29,Georgia Institute of Technology,United States,169.8,67.7,73.3,70.5,51.3,0.0
2021,Natural Sciences,Mathematics,30,Northwestern University,United States,169.3,47.3,86.2,60.2,66.9,0.0
2021,Natural Sciences,Mathematics,31,Institut Polytechnique de Paris,France,168.2,66.0,72.0,74.6,51.3,0.0
2021,Natural Sciences,Mathematics,32,KTH Royal Institute of Technology,Sweden,168.0,48.3,68.7,80.1,32.4,36.9
2021,Natural Sciences,Mathematics,33,University of Vienna,Austria,167.3,70.4,70.6,78.8,45.9,0.0
2021,Natural Sciences,Mathematics,34,"University of Maryland, College Park",United States,165.5,57.5,75.8,69.5,56.2,0.0
2021,Natural Sciences,Mathematics,35,The University of Edinburgh,United Kingdom,164.6,51.2,78.2,78.9,32.4,26.1
2021,Natural Sciences,Mathematics,36,Ecole Normale Superieure - Lyon,France,163.2,39.3,69.1,72.6,48.7,26.1
2021,Natural Sciences,Mathematics,37,Tel Aviv University,Israel,160.6,56.9,64.4,76.6,56.2,0.0
2021,Natural Sciences,Mathematics,38,Brown University,United States,159.9,59.9,81.9,65.5,45.9,0.0
2021,Natural Sciences,Mathematics,39,California Institute of Technology,United States,158.5,47.3,74.9,65.3,60.7,0.0
2021,Natural Sciences,Mathematics,39,University of Zurich,Switzerland,158.5,44.5,82.5,82.4,56.2,0.0
2021,Natural Sciences,Mathematics,41,Peking University,China,158.4,73.1,69.0,55.5,39.7,0.0
2021,Natural Sciences,Mathematics,42,Texas A&M University,United States,157.9,65.6,76.9,70.7,39.7,0.0
2021,Natural Sciences,Mathematics,43,"University of California, San Diego",United States,156.5,54.4,68.6,70.3,32.4,21.3
2021,Natural Sciences,Mathematics,44,University of Washington,United States,156.2,54.7,77.7,69.9,48.7,0.0
2021,Natural Sciences,Mathematics,45,University of British Columbia,Canada,153.6,61.2,72.3,82.2,39.7,0.0
2021,Natural Sciences,Mathematics,46,Swiss Federal Institute of Technology Lausanne,Switzerland,152.2,57.7,75.4,85.2,39.7,0.0
2021,Natural Sciences,Mathematics,47,Fudan University,China,151.2,68.2,76.0,62.6,32.4,0.0
2021,Natural Sciences,Mathematics,48,Université Grenoble Alpes,France,150.8,56.6,63.2,69.9,48.7,0.0
2021,Natural Sciences,Mathematics,49,University of Muenster,Germany,150.5,48.5,77.2,73.6,48.7,0.0
2021,Natural Sciences,Mathematics,50,Purdue University - West Lafayette,United States,149.9,62.4,74.1,70.4,36.3,0.0
2021,Natural Sciences,Mathematics,51-75,Aix Marseille University,France,,63.3,63.2,77.8,28.1,0.0
2021,Natural Sciences,Mathematics,51-75,Humboldt University of Berlin,Germany,,54.8,72.4,76.0,42.9,0.0
2021,Natural Sciences,Mathematics,51-75,Indiana University Bloomington,United States,,45.1,66.5,69.1,42.9,0.0
2021,Natural Sciences,Mathematics,51-75,International School for Advanced Studies,Italy,,44.4,87.4,74.3,32.4,0.0
2021,Natural Sciences,Mathematics,51-75,King Abdulaziz University,Saudi Arabia,,82.6,96.2,93.4,0.0,0.0
2021,Natural Sciences,Mathematics,51-75,McGill University,Canada,,47.3,67.5,79.6,42.9,0.0
2021,Natural Sciences,Mathematics,51-75,National University of Singapore,Singapore,,51.2,69.5,88.2,45.9,0.0
2021,Natural Sciences,Mathematics,51-75,Paul Sabatier University (Toulouse 3),France,,56.7,65.7,72.8,42.9,0.0
2021,Natural Sciences,Mathematics,51-75,Rice University,United States,,48.8,81.8,67.3,45.9,0.0
2021,Natural Sciences,Mathematics,51-75,Sapienza University of Rome,Italy,,69.0,75.1,71.6,28.1,0.0
2021,Natural Sciences,Mathematics,51-75,Technical University of Munich,Germany,,59.7,71.8,73.1,28.1,0.0
2021,Natural Sciences,Mathematics,51-75,The University of Tokyo,Japan,,63.9,62.3,59.9,39.7,0.0
2021,Natural Sciences,Mathematics,51-75,Tsinghua University,China,,66.0,67.4,61.0,32.4,0.0
2021,Natural Sciences,Mathematics,51-75,Université Gustave Eiffel,France,,47.3,66.3,76.4,42.9,0.0
2021,Natural Sciences,Mathematics,51-75,University College London,United Kingdom,,51.2,79.1,81.7,36.3,0.0
2021,Natural Sciences,Mathematics,51-75,University of Bordeaux,France,,53.4,59.4,73.7,39.7,0.0
2021,Natural Sciences,Mathematics,51-75,"University of California, Irvine",United States,,49.3,70.7,65.7,45.9,0.0
2021,Natural Sciences,Mathematics,51-75,University of Geneva,Switzerland,,31.4,62.6,84.7,28.1,36.9
2021,Natural Sciences,Mathematics,51-75,University of Milan,Italy,,51.3,82.1,74.9,28.1,0.0
2021,Natural Sciences,Mathematics,51-75,"University of Minnesota, Twin Cities",United States,,60.7,79.1,62.4,36.3,0.0
2021,Natural Sciences,Mathematics,51-75,University of Sao Paulo,Brazil,,65.6,60.9,76.0,36.3,0.0
2021,Natural Sciences,Mathematics,51-75,University of Science and Technology of China,China,,61.8,74.2,61.3,32.4,0.0
2021,Natural Sciences,Mathematics,51-75,University of Utah,United States,,46.4,68.1,61.2,48.7,0.0
2021,Natural Sciences,Mathematics,51-75,Weizmann Institute of Science,Israel,,42.9,71.1,78.7,42.9,0.0
2021,Natural Sciences,Mathematics,51-75,Yale University,United States,,39.2,75.1,60.7,53.8,0.0
2021,Natural Sciences,Mathematics,76-100,Boston College,United States,,31.4,75.1,62.6,45.9,0.0
2021,Natural Sciences,Mathematics,76-100,City University of Hong Kong,Hong Kong (Special Administrative Region of China) [Hong Kong],,56.0,90.7,65.7,16.2,0.0
2021,Natural Sciences,Mathematics,76-100,Claude Bernard University Lyon 1,France,,54.5,59.7,73.7,32.4,0.0
2021,Natural Sciences,Mathematics,76-100,Cornell University,United States,,43.7,67.0,65.9,42.9,0.0
2021,Natural Sciences,Mathematics,76-100,Ecole Centrale Lyon,France,,51.7,60.8,73.5,32.4,0.0
2021,Natural Sciences,Mathematics,76-100,HSE University,Russia [Russian Federation],,56.5,60.4,66.4,32.4,0.0
2021,Natural Sciences,Mathematics,76-100,INSA Lyon,France,,56.4,62.2,72.7,32.4,0.0
2021,Natural Sciences,Mathematics,76-100,KU Leuven,Belgium,,50.9,69.4,81.4,28.1,0.0
2021,Natural Sciences,Mathematics,76-100,Paris 13 University,France,,43.3,65.8,78.0,42.9,0.0
2021,Natural Sciences,Mathematics,76-100,Polytechnic University of Catalonia,"Spain {includes CEUTA, MELILLA}",,55.1,69.3,76.6,28.1,0.0
2021,Natural Sciences,Mathematics,76-100,Shanghai Jiao Tong University,China,,69.6,72.3,63.7,16.2,0.0
2021,Natural Sciences,Mathematics,76-100,Sun Yat-sen University,China,,64.4,70.7,56.3,22.9,0.0
2021,Natural Sciences,Mathematics,76-100,The Ohio State University - Columbus,United States,,50.9,70.4,64.6,28.1,0.0
2021,Natural Sciences,Mathematics,76-100,University of Alberta,Canada,,52.0,69.1,81.3,28.1,0.0
2021,Natural Sciences,Mathematics,76-100,University of Copenhagen,Denmark,,39.3,72.0,82.2,42.9,0.0
2021,Natural Sciences,Mathematics,76-100,University of Côte d'Azur,France,,46.7,65.7,75.3,39.7,0.0
2021,Natural Sciences,Mathematics,76-100,University of Florida,United States,,40.1,64.2,70.1,16.2,26.1
2021,Natural Sciences,Mathematics,76-100,University of Granada,"Spain {includes CEUTA, MELILLA}",,58.6,71.3,72.9,22.9,0.0
2021,Natural Sciences,Mathematics,76-100,University of Pavia,Italy,,47.3,90.5,78.3,22.9,0.0
2021,Natural Sciences,Mathematics,76-100,University of Rennes 1,France,,47.1,63.4,69.0,36.3,0.0
2021,Natural Sciences,Mathematics,76-100,University of Roma - Tor Vergata,Italy,,51.2,70.1,70.1,32.4,0.0
2021,Natural Sciences,Mathematics,76-100,University of Virginia,United States,,35.5,74.1,68.5,39.7,0.0
2021,Natural Sciences,Mathematics,76-100,University of Warsaw,Poland,,52.9,60.2,70.3,32.4,0.0
2021,Natural Sciences,Mathematics,76-100,University Paris Est Creteil,France,,38.4,66.1,76.9,42.9,0.0
2021,Natural Sciences,Mathematics,76-100,Wuhan University,China,,57.7,76.7,54.9,22.9,0.0
2021,Natural Sciences,Mathematics,101-150,Autonomous University of Madrid,"Spain {includes CEUTA, MELILLA}",,53.3,77.2,77.9,16.2,0.0
2021,Natural Sciences,Mathematics,101-150,Bielefeld University,Germany,,43.2,74.7,79.4,22.9,0.0
2021,Natural Sciences,Mathematics,101-150,Carnegie Mellon University,United States,,48.4,64.2,63.7,22.9,0.0
2021,Natural Sciences,Mathematics,101-150,Catholic University of Louvain,Belgium,,40.4,77.9,82.1,22.9,0.0
2021,Natural Sciences,Mathematics,101-150,Chalmers University of Technology,Sweden,,40.7,64.6,83.1,36.3,0.0
2021,Natural Sciences,Mathematics,101-150,Charles University in Prague,Czech Republic,,54.6,59.6,76.5,16.2,0.0
2021,Natural Sciences,Mathematics,101-150,China Medical University (Taichung),"China (Taiwan) [Taiwan, Province Of China]",,50.4,100.0,96.4,0.0,0.0
2021,Natural Sciences,Mathematics,101-150,Complutense University of Madrid,"Spain {includes CEUTA, MELILLA}",,53.9,66.5,72.0,16.2,0.0
2021,Natural Sciences,Mathematics,101-150,Duke University,United States,,44.5,71.4,68.3,22.9,0.0
2021,Natural Sciences,Mathematics,101-150,Goethe University Frankfurt,Germany,,33.4,74.4,76.2,36.3,0.0
2021,Natural Sciences,Mathematics,101-150,Harbin Institute of Technology,China,,71.6,85.1,48.5,0.0,0.0
2021,Natural Sciences,Mathematics,101-150,Heriot-Watt University,United Kingdom,,42.4,74.9,79.0,22.9,0.0
2021,Natural Sciences,Mathematics,101-150,Johns Hopkins University,United States,,41.4,73.4,65.4,32.4,0.0
2021,Natural Sciences,Mathematics,101-150,Louisiana State University - Baton Rouge,United States,,39.2,65.2,67.4,36.3,0.0
2021,Natural Sciences,Mathematics,101-150,Michigan State University,United States,,50.7,77.2,68.1,22.9,0.0
2021,Natural Sciences,Mathematics,101-150,Nankai University,China,,54.5,71.8,54.8,22.9,0.0
2021,Natural Sciences,Mathematics,101-150,Pennsylvania State University - University Park,United States,,49.6,67.1,67.2,28.1,0.0
2021,Natural Sciences,Mathematics,101-150,Qufu Normal University,China,,62.2,100.0,53.3,0.0,0.0
2021,Natural Sciences,Mathematics,101-150,Saint Petersburg State University,Russia [Russian Federation],,50.4,57.9,65.3,28.1,0.0
2021,Natural Sciences,Mathematics,101-150,Scuola Normale Superiore - Pisa,Italy,,38.4,85.8,73.1,22.9,0.0
2021,Natural Sciences,Mathematics,101-150,Seoul National University,"Korea (South) [Korea, Republic of]",,54.9,70.4,66.3,16.2,0.0
2021,Natural Sciences,Mathematics,101-150,Shandong University of Science and Technology,China,,57.9,100.0,50.2,0.0,0.0
2021,Natural Sciences,Mathematics,101-150,Southeast University,China,,62.1,99.4,55.3,0.0,0.0
2021,Natural Sciences,Mathematics,101-150,Technical University of Berlin,Germany,,55.3,69.5,76.3,16.2,0.0
2021,Natural Sciences,Mathematics,101-150,Technion-Israel Institute of Technology,Israel,,54.8,62.1,70.4,22.9,0.0
2021,Natural Sciences,Mathematics,101-150,The Hong Kong University of Science and Technology,Hong Kong (Special Administrative Region of China) [Hong Kong],,41.9,80.7,79.0,22.9,0.0
2021,Natural Sciences,Mathematics,101-150,The University of Glasgow,United Kingdom,,27.2,74.6,79.0,39.7,0.0
2021,Natural Sciences,Mathematics,101-150,University of Basel,Switzerland,,31.7,75.6,79.3,32.4,0.0
2021,Natural Sciences,Mathematics,101-150,University of Bath,United Kingdom,,40.5,69.4,81.6,28.1,0.0
2021,Natural Sciences,Mathematics,101-150,"University of California, Davis",United States,,44.3,78.4,69.4,28.1,0.0
2021,Natural Sciences,Mathematics,101-150,"University of California, Santa Barbara",United States,,39.9,72.2,69.7,28.1,0.0
2021,Natural Sciences,Mathematics,101-150,University of Connecticut,United States,,40.3,79.3,69.8,28.1,0.0
2021,Natural Sciences,Mathematics,101-150,University of Duisburg-Essen,Germany,,43.8,71.9,75.0,28.1,0.0
2021,Natural Sciences,Mathematics,101-150,University of Electronic Science and Technology of China,China,,61.0,100.0,61.2,0.0,0.0
2021,Natural Sciences,Mathematics,101-150,University of Gothenburg,Sweden,,35.4,65.9,82.0,32.4,0.0
2021,Natural Sciences,Mathematics,101-150,University of Helsinki,Finland,,43.8,66.4,82.2,32.4,0.0
2021,Natural Sciences,Mathematics,101-150,University of Illinois at Chicago,United States,,42.1,62.8,63.2,36.3,0.0
2021,Natural Sciences,Mathematics,101-150,University of Jyvaskyla,Finland,,42.6,74.9,80.5,22.9,0.0
2021,Natural Sciences,Mathematics,101-150,University of Lille,France,,48.4,57.6,76.2,28.1,0.0
2021,Natural Sciences,Mathematics,101-150,University of Lorraine,France,,50.6,59.1,77.9,22.9,0.0
2021,Natural Sciences,Mathematics,101-150,University of Notre Dame,United States,,44.7,69.8,67.4,28.1,0.0
2021,Natural Sciences,Mathematics,101-150,University of Pennsylvania,United States,,37.5,74.6,64.3,32.4,0.0
2021,Natural Sciences,Mathematics,101-150,University of Pisa,Italy,,51.3,64.2,75.6,22.9,0.0
2021,Natural Sciences,Mathematics,101-150,University of Pittsburgh,United States,,48.2,72.9,68.6,22.9,0.0
2021,Natural Sciences,Mathematics,101-150,University of Regensburg,Germany,,37.0,70.4,70.1,32.4,0.0
2021,Natural Sciences,Mathematics,101-150,University of Southern California,United States,,41.6,77.2,66.5,32.4,0.0
2021,Natural Sciences,Mathematics,101-150,University of Waterloo,Canada,,54.3,60.6,79.3,16.2,0.0
2021,Natural Sciences,Mathematics,101-150,Uppsala University,Sweden,,44.5,74.9,82.3,22.9,0.0
2021,Natural Sciences,Mathematics,101-150,Vienna University of Technology,Austria,,48.1,64.0,80.7,22.9,0.0
2021,Natural Sciences,Mathematics,101-150,Zhejiang University,China,,59.4,71.2,55.1,16.2,0.0
2021,Natural Sciences,Mathematics,151-200,Aalto University,Finland,,37.5,70.8,82.6,16.2,0.0
2021,Natural Sciences,Mathematics,151-200,Beihang University,China,,58.7,76.1,50.2,0.0,0.0
2021,Natural Sciences,Mathematics,151-200,Beijing Normal University,China,,60.7,76.9,54.9,0.0,0.0
2021,Natural Sciences,Mathematics,151-200,Cankaya University,Turkey,,42.4,100.0,95.7,0.0,0.0
2021,Natural Sciences,Mathematics,151-200,Carlos III University of Madrid,"Spain {includes CEUTA, MELILLA}",,44.9,67.7,77.3,16.2,0.0
2021,Natural Sciences,Mathematics,151-200,Central South University,China,,63.7,87.6,40.2,0.0,0.0
2021,Natural Sciences,Mathematics,151-200,Chongqing University,China,,49.7,72.5,47.4,16.2,0.0
2021,Natural Sciences,Mathematics,151-200,Durham University,United Kingdom,,32.9,61.0,78.0,28.1,0.0
2021,Natural Sciences,Mathematics,151-200,Federal University of Rio de Janeiro,Brazil,,42.8,59.1,73.4,22.9,0.0
2021,Natural Sciences,Mathematics,151-200,Hohai University,China,,46.7,97.7,55.9,0.0,0.0
2021,Natural Sciences,Mathematics,151-200,Huazhong University of Science and Technology,China,,61.2,83.9,54.2,0.0,0.0
2021,Natural Sciences,Mathematics,151-200,Hunan University,China,,43.5,82.7,47.3,16.2,0.0
2021,Natural Sciences,Mathematics,151-200,INSA Toulouse,France,,39.2,69.2,68.8,22.9,0.0
2021,Natural Sciences,Mathematics,151-200,Jagiellonian University,Poland,,48.9,65.0,72.1,16.2,0.0
2021,Natural Sciences,Mathematics,151-200,King Saud University,Saudi Arabia,,47.6,87.7,87.3,0.0,0.0
2021,Natural Sciences,Mathematics,151-200,King's College London,United Kingdom,,32.4,62.4,83.8,32.4,0.0
2021,Natural Sciences,Mathematics,151-200,Northeastern University (Boston),United States,,31.2,68.1,63.6,28.1,0.0
2021,Natural Sciences,Mathematics,151-200,Northwestern Polytechnical University,China,,55.9,87.3,51.7,0.0,0.0
2021,Natural Sciences,Mathematics,151-200,Norwegian University of Science and Technology - NTNU,Norway,,43.9,70.5,79.3,16.2,0.0
2021,Natural Sciences,Mathematics,151-200,Osaka University,Japan,,39.2,59.8,58.9,28.1,0.0
2021,Natural Sciences,Mathematics,151-200,Polytechnic University of Milan,Italy,,57.2,77.1,75.1,0.0,0.0
2021,Natural Sciences,Mathematics,151-200,Pontifical Catholic University of Chile,Chile,,42.2,66.7,81.3,16.2,0.0
2021,Natural Sciences,Mathematics,151-200,Shandong University,China,,64.4,70.5,50.5,0.0,0.0
2021,Natural Sciences,Mathematics,151-200,The Australian National University,Australia,,45.8,71.9,81.0,16.2,0.0
2021,Natural Sciences,Mathematics,151-200,The Chinese University of Hong Kong,Hong Kong (Special Administrative Region of China) [Hong Kong],,58.0,82.9,70.9,0.0,0.0
2021,Natural Sciences,Mathematics,151-200,The Hong Kong Polytechnic University,Hong Kong (Special Administrative Region of China) [Hong Kong],,49.3,99.2,68.6,0.0,0.0
2021,Natural Sciences,Mathematics,151-200,The University of Manchester,United Kingdom,,47.6,66.8,71.4,16.2,0.0
2021,Natural Sciences,Mathematics,151-200,The University of New South Wales,Australia,,54.8,71.5,82.5,0.0,0.0
2021,Natural Sciences,Mathematics,151-200,Tianjin University,China,,54.2,67.0,50.7,16.2,0.0
2021,Natural Sciences,Mathematics,151-200,Tokyo Institute of Technology,Japan,,35.4,71.7,60.6,22.9,0.0
2021,Natural Sciences,Mathematics,151-200,University of Bochum,Germany,,27.4,64.7,74.0,32.4,0.0
2021,Natural Sciences,Mathematics,151-200,University of Bristol,United Kingdom,,47.6,69.8,76.1,16.2,0.0
2021,Natural Sciences,Mathematics,151-200,"University of California, Santa Cruz",United States,,26.6,71.7,75.9,28.1,0.0
2021,Natural Sciences,Mathematics,151-200,University of Chile,Chile,,45.6,68.2,83.3,16.2,0.0
2021,Natural Sciences,Mathematics,151-200,University of Hamburg,Germany,,38.8,62.1,73.0,22.9,0.0
2021,Natural Sciences,Mathematics,151-200,University of L'Aquila,Italy,,38.1,81.5,72.0,16.2,0.0
2021,Natural Sciences,Mathematics,151-200,University of Lisbon,"Portugal {Includes Madeira, Azores}",,60.0,60.6,78.0,0.0,0.0
2021,Natural Sciences,Mathematics,151-200,University of Massachusetts Amherst,United States,,35.1,72.2,73.4,22.9,0.0
2021,Natural Sciences,Mathematics,151-200,University of Missouri - Columbia,United States,,37.1,65.5,66.1,22.9,0.0
2021,Natural Sciences,Mathematics,151-200,University of Montpellier,France,,42.1,69.3,76.5,22.9,0.0
2021,Natural Sciences,Mathematics,151-200,University of Nantes,France,,33.8,64.6,68.6,28.1,0.0
2021,Natural Sciences,Mathematics,151-200,University of Naples Federico II,Italy,,47.3,74.9,63.9,16.2,0.0
2021,Natural Sciences,Mathematics,151-200,University of Oregon,United States,,38.2,69.9,64.0,22.9,0.0
2021,Natural Sciences,Mathematics,151-200,University of Oslo,Norway,,38.2,70.0,81.1,16.2,0.0
2021,Natural Sciences,Mathematics,151-200,University of Padua,Italy,,52.3,65.3,72.0,16.2,0.0
2021,Natural Sciences,Mathematics,151-200,University of Strasbourg,France,,33.2,52.8,68.2,36.3,0.0
2021,Natural Sciences,Mathematics,151-200,University of Toulouse 1,France,,40.3,70.4,70.9,22.9,0.0
2021,Natural Sciences,Mathematics,151-200,University of Turin,Italy,,45.4,71.8,65.7,16.2,0.0
2021,Natural Sciences,Mathematics,151-200,University Toulouse - Jean Jaures,France,,37.8,69.0,71.0,22.9,0.0
2021,Natural Sciences,Mathematics,151-200,Wayne State University,United States,,38.9,77.4,81.4,16.2,0.0
2021,Natural Sciences,Mathematics,151-200,Zhejiang Normal University,China,,47.3,100.0,61.8,0.0,0.0
2021,Natural Sciences,Mathematics,201-300,Autonomous University of Barcelona,"Spain {includes CEUTA, MELILLA}",,55.2,67.4,83.5,0.0,0.0
2021,Natural Sciences,Mathematics,201-300,Bar-Ilan University,Israel,,28.9,63.0,68.2,22.9,0.0
2021,Natural Sciences,Mathematics,201-300,Beijing Institute of Technology,China,,54.8,75.9,53.0,0.0,0.0
2021,Natural Sciences,Mathematics,201-300,Ben-Gurion University of the Negev,Israel,,40.4,56.8,78.4,16.2,0.0
2021,Natural Sciences,Mathematics,201-300,Boston University,United States,,29.1,65.5,66.1,28.1,0.0
2021,Natural Sciences,Mathematics,201-300,Cairo University,Egypt,,28.0,86.7,79.6,16.2,0.0
2021,Natural Sciences,Mathematics,201-300,Central China Normal University,China,,47.6,82.8,55.9,0.0,0.0
2021,Natural Sciences,Mathematics,201-300,China University of Mining and Technology - Xuzhou,China,,41.3,100.0,42.4,0.0,0.0
2021,Natural Sciences,Mathematics,201-300,Curtin University,Australia,,36.1,100.0,95.0,0.0,0.0
2021,Natural Sciences,Mathematics,201-300,Czech Technical University in Prague,Czech Republic,,38.5,59.2,71.9,16.2,0.0
2021,Natural Sciences,Mathematics,201-300,Dalian University of Technology,China,,56.7,68.8,43.2,0.0,0.0
2021,Natural Sciences,Mathematics,201-300,Delft University of Technology,Netherlands,,36.1,72.4,78.4,16.2,0.0
2021,Natural Sciences,Mathematics,201-300,East China Normal University,China,,53.6,73.1,57.0,0.0,0.0
2021,Natural Sciences,Mathematics,201-300,Eindhoven University of Technology,Netherlands,,36.4,61.6,82.4,16.2,0.0
2021,Natural Sciences,Mathematics,201-300,Eotvos Lorand University,Hungary,,33.5,53.8,65.7,22.9,0.0
2021,Natural Sciences,Mathematics,201-300,Free University Berlin,Germany,,41.3,65.2,77.0,16.2,0.0
2021,Natural Sciences,Mathematics,201-300,Hasselt University,Belgium,,23.2,64.6,84.6,22.9,0.0
2021,Natural Sciences,Mathematics,201-300,Hong Kong Baptist University,Hong Kong (Special Administrative Region of China) [Hong Kong],,44.6,86.2,63.9,0.0,0.0
2021,Natural Sciences,Mathematics,201-300,Iowa State University,United States,,33.8,68.1,67.6,16.2,0.0
2021,Natural Sciences,Mathematics,201-300,Islamic Azad University,"Iran [Iran, Islamic Republic of]",,54.1,67.2,55.8,0.0,0.0
2021,Natural Sciences,Mathematics,201-300,Kent State University,United States,,34.3,70.2,79.6,16.2,0.0
2021,Natural Sciences,Mathematics,201-300,King Abdullah University of Science and Technology,Saudi Arabia,,41.0,76.8,87.6,0.0,0.0
2021,Natural Sciences,Mathematics,201-300,Kyung Hee University,"Korea (South) [Korea, Republic of]",,27.2,70.3,62.2,22.9,0.0
2021,Natural Sciences,Mathematics,201-300,Kyushu University,Japan,,37.5,64.1,53.0,16.2,0.0
2021,Natural Sciences,Mathematics,201-300,Lanzhou University,China,,57.4,77.8,45.0,0.0,0.0
2021,Natural Sciences,Mathematics,201-300,Lund University,Sweden,,31.9,66.0,79.4,16.2,0.0
2021,Natural Sciences,Mathematics,201-300,McMaster University,Canada,,33.0,67.4,84.2,16.2,0.0
2021,Natural Sciences,Mathematics,201-300,Memorial University of Newfoundland,Canada,,37.4,86.3,82.3,0.0,0.0
2021,Natural Sciences,Mathematics,201-300,Nanjing University,China,,55.2,68.4,49.2,0.0,0.0
2021,Natural Sciences,Mathematics,201-300,Nanjing University of Aeronautics and Astronautics,China,,47.5,75.7,50.4,0.0,0.0
2021,Natural Sciences,Mathematics,201-300,Nanjing University of Science and Technology,China,,45.0,89.1,54.7,0.0,0.0
2021,Natural Sciences,Mathematics,201-300,National Autonomous University of Mexico,Mexico,,46.1,50.0,70.0,16.2,0.0
2021,Natural Sciences,Mathematics,201-300,North Carolina State University - Raleigh,United States,,44.1,62.1,70.5,16.2,0.0
2021,Natural Sciences,Mathematics,201-300,North China Electric Power University,China,,38.0,99.8,46.0,0.0,0.0
2021,Natural Sciences,Mathematics,201-300,Northeastern University (Shenyang),China,,53.9,81.3,50.4,0.0,0.0
2021,Natural Sciences,Mathematics,201-300,Peoples' Friendship University of Russia,Russia [Russian Federation],,42.3,63.4,76.6,16.2,0.0
2021,Natural Sciences,Mathematics,201-300,Pohang University of Science and Technology,"Korea (South) [Korea, Republic of]",,33.2,64.8,69.1,22.9,0.0
2021,Natural Sciences,Mathematics,201-300,Polytechnic University of Madrid,"Spain {includes CEUTA, MELILLA}",,38.4,66.1,63.7,16.2,0.0
2021,Natural Sciences,Mathematics,201-300,Polytechnic University of Valencia,"Spain {includes CEUTA, MELILLA}",,56.9,67.8,71.3,0.0,0.0
2021,Natural Sciences,Mathematics,201-300,Prince Sultan University,Saudi Arabia,,28.0,100.0,91.7,0.0,0.0
2021,Natural Sciences,Mathematics,201-300,Queensland University of Technology,Australia,,30.7,100.0,92.2,0.0,0.0
2021,Natural Sciences,Mathematics,201-300,Roma Tre University,Italy,,30.4,71.1,67.8,16.2,0.0
2021,Natural Sciences,Mathematics,201-300,Shandong Normal University,China,,43.3,87.9,42.1,0.0,0.0
2021,Natural Sciences,Mathematics,201-300,Shanghai Normal University,China,,47.5,74.2,57.9,0.0,0.0
2021,Natural Sciences,Mathematics,201-300,Shanghai University,China,,55.8,73.2,43.6,0.0,0.0
2021,Natural Sciences,Mathematics,201-300,Sichuan University,China,,55.6,67.0,49.0,0.0,0.0
2021,Natural Sciences,Mathematics,201-300,South China University of Technology,China,,51.2,73.5,48.4,0.0,0.0
2021,Natural Sciences,Mathematics,201-300,Southwest University,China,,50.2,83.5,50.0,0.0,0.0
2021,Natural Sciences,Mathematics,201-300,Technical University Darmstadt,Germany,,42.4,63.0,67.9,16.2,0.0
2021,Natural Sciences,Mathematics,201-300,The University of Auckland,New Zealand,,33.7,62.0,86.3,16.2,0.0
2021,Natural Sciences,Mathematics,201-300,The University of Georgia,United States,,30.2,60.4,56.1,32.4,0.0
2021,Natural Sciences,Mathematics,201-300,The University of Hong Kong,Hong Kong (Special Administrative Region of China) [Hong Kong],,37.4,73.5,62.2,16.2,0.0
2021,Natural Sciences,Mathematics,201-300,The University of Melbourne,Australia,,36.4,71.6,82.0,16.2,0.0
2021,Natural Sciences,Mathematics,201-300,The University of New Mexico - Albuquerque,United States,,29.5,67.2,70.4,22.9,0.0
2021,Natural Sciences,Mathematics,201-300,Tiangong University,China,,37.8,93.3,64.8,0.0,0.0
2021,Natural Sciences,Mathematics,201-300,Ton Duc Thang University,Vietnam,,44.6,86.1,77.4,0.0,0.0
2021,Natural Sciences,Mathematics,201-300,Université libre de Bruxelles (ULB),Belgium,,37.3,64.5,89.2,16.2,0.0
2021,Natural Sciences,Mathematics,201-300,University of Aberdeen,United Kingdom,,30.2,68.3,78.9,22.9,0.0
2021,Natural Sciences,Mathematics,201-300,University of Arizona,United States,,33.7,67.0,62.4,22.9,0.0
2021,Natural Sciences,Mathematics,201-300,University of Bayreuth,Germany,,22.1,67.0,69.0,32.4,0.0
2021,Natural Sciences,Mathematics,201-300,University of Birmingham,United Kingdom,,36.4,69.2,76.2,16.2,0.0
2021,Natural Sciences,Mathematics,201-300,University of Bologna,Italy,,48.8,70.0,74.3,0.0,0.0
2021,Natural Sciences,Mathematics,201-300,University of Bucharest,Romania,,35.9,61.2,70.0,16.2,0.0
2021,Natural Sciences,Mathematics,201-300,University of Burgundy,France,,32.5,62.4,77.0,22.9,0.0
2021,Natural Sciences,Mathematics,201-300,"University of California, Riverside",United States,,32.5,72.6,66.2,16.2,0.0
2021,Natural Sciences,Mathematics,201-300,University of Campania Luigi Vanvitelli,Italy,,27.6,76.3,67.0,16.2,0.0
2021,Natural Sciences,Mathematics,201-300,University of Campinas,Brazil,,50.1,73.4,65.6,0.0,0.0
2021,Natural Sciences,Mathematics,201-300,University of Central Florida,United States,,35.9,72.1,76.1,16.2,0.0
2021,Natural Sciences,Mathematics,201-300,University of Cergy-Pontoise,France,,28.7,69.5,61.4,28.1,0.0
2021,Natural Sciences,Mathematics,201-300,University of Clermont Auvergne,France,,31.4,58.3,77.7,22.9,0.0
2021,Natural Sciences,Mathematics,201-300,University of Colorado at Boulder,United States,,47.4,81.2,64.7,0.0,0.0
2021,Natural Sciences,Mathematics,201-300,University of Crete,Greece,,25.4,58.0,79.7,28.1,0.0
2021,Natural Sciences,Mathematics,201-300,University of Erlangen-Nuremberg,Germany,,45.0,74.4,74.3,0.0,0.0
2021,Natural Sciences,Mathematics,201-300,University of Florence,Italy,,50.2,74.9,72.4,0.0,0.0
2021,Natural Sciences,Mathematics,201-300,University of Goettingen,Germany,,39.3,70.4,72.9,16.2,0.0
2021,Natural Sciences,Mathematics,201-300,University of Iowa,United States,,39.5,63.4,72.7,16.2,0.0
2021,Natural Sciences,Mathematics,201-300,University of Kaiserslautern,Germany,,35.1,66.7,70.7,22.9,0.0
2021,Natural Sciences,Mathematics,201-300,University of Kansas,United States,,33.4,67.5,71.7,16.2,0.0
2021,Natural Sciences,Mathematics,201-300,University of Leeds,United Kingdom,,35.9,62.7,83.9,16.2,0.0
2021,Natural Sciences,Mathematics,201-300,University of Milano-Bicocca,Italy,,43.1,83.1,63.0,0.0,0.0
2021,Natural Sciences,Mathematics,201-300,University of Montreal,Canada,,39.1,63.0,77.4,16.2,0.0
2021,Natural Sciences,Mathematics,201-300,University of Munich,Germany,,32.1,74.0,75.0,16.2,0.0
2021,Natural Sciences,Mathematics,201-300,University of Orleans,France,,27.8,69.1,75.7,22.9,0.0
2021,Natural Sciences,Mathematics,201-300,University of Paderborn,Germany,,38.9,100.0,74.4,0.0,0.0
2021,Natural Sciences,Mathematics,201-300,University of Parma,Italy,,30.7,91.8,55.7,16.2,0.0
2021,Natural Sciences,Mathematics,201-300,University of Perugia,Italy,,32.4,99.6,72.4,0.0,0.0
2021,Natural Sciences,Mathematics,201-300,University of Rochester,United States,,25.4,66.3,65.0,28.1,0.0
2021,Natural Sciences,Mathematics,201-300,University of Seville,"Spain {includes CEUTA, MELILLA}",,56.7,63.9,77.4,0.0,0.0
2021,Natural Sciences,Mathematics,201-300,University of Shanghai for Science and Technology,China,,42.6,91.0,43.1,0.0,0.0
2021,Natural Sciences,Mathematics,201-300,University of Sydney,Australia,,40.5,62.9,80.1,16.2,0.0
2021,Natural Sciences,Mathematics,201-300,University of the Basque Country,"Spain {includes CEUTA, MELILLA}",,36.5,71.5,79.1,16.2,0.0
2021,Natural Sciences,Mathematics,201-300,University of Tours,France,,28.2,72.7,78.8,16.2,0.0
2021,Natural Sciences,Mathematics,201-300,University of Tuebingen,Germany,,31.7,64.9,71.8,22.9,0.0
2021,Natural Sciences,Mathematics,201-300,University of Victoria,Canada,,38.8,95.1,92.9,0.0,0.0
2021,Natural Sciences,Mathematics,201-300,University of Wuppertal,Germany,,30.0,66.3,73.5,22.9,0.0
2021,Natural Sciences,Mathematics,201-300,University of York,United Kingdom,,24.8,61.5,79.9,28.1,0.0
2021,Natural Sciences,Mathematics,201-300,Wroclaw University of Science and Technology,Poland,,33.0,69.7,59.6,16.2,0.0
2021,Natural Sciences,Mathematics,201-300,Xiamen University,China,,57.5,73.1,55.5,0.0,0.0
2021,Natural Sciences,Mathematics,201-300,Xi'an Jiaotong University,China,,59.5,67.0,52.1,0.0,0.0
2021,Natural Sciences,Mathematics,201-300,Xiangtan University,China,,48.2,89.4,62.2,0.0,0.0
2021,Natural Sciences,Mathematics,301-400,Aarhus University,Denmark,,26.8,61.8,80.0,16.2,0.0
2021,Natural Sciences,Mathematics,301-400,AGH University of Science and Technology,Poland,,37.3,75.8,71.7,0.0,0.0
2021,Natural Sciences,Mathematics,301-400,Anhui University,China,,36.2,83.5,56.3,0.0,0.0
2021,Natural Sciences,Mathematics,301-400,Arizona State University,United States,,32.7,61.5,77.4,16.2,0.0
2021,Natural Sciences,Mathematics,301-400,Beijing Jiaotong University,China,,41.4,82.3,53.4,0.0,0.0
2021,Natural Sciences,Mathematics,301-400,Beijing University of Posts and Telecommunications,China,,35.5,100.0,43.4,0.0,0.0
2021,Natural Sciences,Mathematics,301-400,Budapest University of Technology and Economics,Hungary,,31.0,54.8,60.6,22.9,0.0
2021,Natural Sciences,Mathematics,301-400,Capital Normal University,China,,37.0,60.9,50.6,16.2,0.0
2021,Natural Sciences,Mathematics,301-400,Cardiff University,United Kingdom,,27.8,69.1,83.6,16.2,0.0
2021,Natural Sciences,Mathematics,301-400,Changsha University of Science and Technology,China,,28.0,100.0,52.7,0.0,0.0
2021,Natural Sciences,Mathematics,301-400,China University of Geosciences (Wuhan),China,,29.5,94.0,60.2,0.0,0.0
2021,Natural Sciences,Mathematics,301-400,China University of Petroleum (Huadong),China,,39.5,77.1,58.6,0.0,0.0
2021,Natural Sciences,Mathematics,301-400,Clemson University,United States,,28.4,75.2,58.7,16.2,0.0
2021,Natural Sciences,Mathematics,301-400,COMSATS University Islamabad,Pakistan,,41.4,74.8,79.7,0.0,0.0
2021,Natural Sciences,Mathematics,301-400,Concordia University,Canada,,25.8,57.8,84.6,22.9,0.0
2021,Natural Sciences,Mathematics,301-400,Emory University,United States,,31.7,64.8,71.1,16.2,0.0
2021,Natural Sciences,Mathematics,301-400,Florida State University,United States,,37.5,83.2,63.7,0.0,0.0
2021,Natural Sciences,Mathematics,301-400,Fluminense Federal University,Brazil,,29.7,55.9,72.9,16.2,0.0
2021,Natural Sciences,Mathematics,301-400,Guizhou University,China,,27.8,100.0,66.6,0.0,0.0
2021,Natural Sciences,Mathematics,301-400,Heidelberg University,Germany,,35.5,54.2,65.0,16.2,0.0
2021,Natural Sciences,Mathematics,301-400,Henan Polytechnic University,China,,41.2,74.6,46.6,0.0,0.0
2021,Natural Sciences,Mathematics,301-400,Imam Abdulrahman Bin Faisal University,Saudi Arabia,,20.8,100.0,86.5,0.0,0.0
2021,Natural Sciences,Mathematics,301-400,Indian Statistical Institute,India,,29.8,60.9,58.3,16.2,0.0
2021,Natural Sciences,Mathematics,301-400,Jiangnan University,China,,29.1,92.8,66.2,0.0,0.0
2021,Natural Sciences,Mathematics,301-400,Jiangsu Normal University,China,,40.1,75.9,54.4,0.0,0.0
2021,Natural Sciences,Mathematics,301-400,Jilin University,China,,52.7,65.6,43.3,0.0,0.0
2021,Natural Sciences,Mathematics,301-400,Karlsruhe Institute of Technology (KIT),Germany,,45.2,57.7,69.6,0.0,0.0
2021,Natural Sciences,Mathematics,301-400,Linkoping University,Sweden,,31.4,59.0,79.0,16.2,0.0
2021,Natural Sciences,Mathematics,301-400,Linyi University,China,,35.7,96.9,56.2,0.0,0.0
2021,Natural Sciences,Mathematics,301-400,Mansoura University,Egypt,,28.4,86.3,81.9,0.0,0.0
2021,Natural Sciences,Mathematics,301-400,Nanjing Normal University,China,,50.3,71.8,44.3,0.0,0.0
2021,Natural Sciences,Mathematics,301-400,Nanjing University of Information Science & Technology,China,,36.2,83.9,54.0,0.0,0.0
2021,Natural Sciences,Mathematics,301-400,Nanjing University of Posts and Telecommunications,China,,30.2,96.2,48.5,0.0,0.0
2021,Natural Sciences,Mathematics,301-400,Nanyang Technological University,Singapore,,40.5,63.8,83.7,0.0,0.0
2021,Natural Sciences,Mathematics,301-400,National Taiwan University,"China (Taiwan) [Taiwan, Province Of China]",,42.2,62.2,76.3,0.0,0.0
2021,Natural Sciences,Mathematics,301-400,National Technical University of Athens,Greece,,38.2,77.5,88.9,0.0,0.0
2021,Natural Sciences,Mathematics,301-400,Northeast Normal University,China,,43.3,72.0,49.5,0.0,0.0
2021,Natural Sciences,Mathematics,301-400,North-West University,South Africa,,23.9,100.0,72.5,0.0,0.0
2021,Natural Sciences,Mathematics,301-400,Polytechnic University of Turin,Italy,,38.8,82.3,72.3,0.0,0.0
2021,Natural Sciences,Mathematics,301-400,Qingdao University,China,,29.8,99.7,56.2,0.0,0.0
2021,Natural Sciences,Mathematics,301-400,Radboud University Nijmegen,Netherlands,,20.1,71.2,80.9,22.9,0.0
2021,Natural Sciences,Mathematics,301-400,Renmin University of China,China,,34.3,92.4,61.4,0.0,0.0
2021,Natural Sciences,Mathematics,301-400,RWTH Aachen University,Germany,,46.9,63.6,70.6,0.0,0.0
2021,Natural Sciences,Mathematics,301-400,Shenzhen University,China,,37.7,81.9,50.2,0.0,0.0
2021,Natural Sciences,Mathematics,301-400,South China Normal University,China,,48.5,68.7,38.2,0.0,0.0
2021,Natural Sciences,Mathematics,301-400,Sungkyunkwan University,"Korea (South) [Korea, Republic of]",,37.5,72.3,76.1,0.0,0.0
2021,Natural Sciences,Mathematics,301-400,Swansea University,United Kingdom,,27.4,91.9,87.6,0.0,0.0
2021,Natural Sciences,Mathematics,301-400,Syracuse University,United States,,24.6,68.9,73.9,16.2,0.0
2021,Natural Sciences,Mathematics,301-400,Texas A&M University-Kingsville,United States,,30.0,86.0,100.0,0.0,0.0
2021,Natural Sciences,Mathematics,301-400,The University of Memphis,United States,,28.9,62.3,77.2,16.2,0.0
2021,Natural Sciences,Mathematics,301-400,The University of Queensland,Australia,,24.6,66.1,79.5,16.2,0.0
2021,Natural Sciences,Mathematics,301-400,The University of Sheffield,United Kingdom,,23.5,55.0,71.2,22.9,0.0
2021,Natural Sciences,Mathematics,301-400,The University of Texas at San Antonio,United States,,25.6,71.9,70.3,16.2,0.0
2021,Natural Sciences,Mathematics,301-400,Tongji University,China,,47.5,73.2,44.6,0.0,0.0
2021,Natural Sciences,Mathematics,301-400,Universidad de Cadiz,"Spain {includes CEUTA, MELILLA}",,27.6,69.1,64.6,16.2,0.0
2021,Natural Sciences,Mathematics,301-400,Universidad de Santiago de Chile,Chile,,25.2,62.9,84.8,16.2,0.0
2021,Natural Sciences,Mathematics,301-400,Universidad Tecnica Federico Santa Maria,Chile,,35.1,79.0,83.9,0.0,0.0
2021,Natural Sciences,Mathematics,301-400,Universita Mediterranea di Reggio Calabria,Italy,,22.8,98.3,83.6,0.0,0.0
2021,Natural Sciences,Mathematics,301-400,"University at Buffalo, the State University of New York",United States,,28.2,67.9,55.2,16.2,0.0
2021,Natural Sciences,Mathematics,301-400,University of Amsterdam,Netherlands,,31.7,63.1,78.4,16.2,0.0
2021,Natural Sciences,Mathematics,301-400,University of Augsburg,Germany,,26.6,57.3,74.9,22.9,0.0
2021,Natural Sciences,Mathematics,301-400,University of Bari,Italy,,37.7,84.8,59.9,0.0,0.0
2021,Natural Sciences,Mathematics,301-400,University of Bern,Switzerland,,25.6,61.5,81.9,16.2,0.0
2021,Natural Sciences,Mathematics,301-400,University of Buenos Aires,Argentina,,46.0,65.8,67.8,0.0,0.0
2021,Natural Sciences,Mathematics,301-400,University of Calabria,Italy,,33.4,89.4,67.2,0.0,0.0
2021,Natural Sciences,Mathematics,301-400,University of Catania,Italy,,32.7,83.4,72.2,0.0,0.0
2021,Natural Sciences,Mathematics,301-400,University of Concepcion,Chile,,38.1,70.3,86.1,0.0,0.0
2021,Natural Sciences,Mathematics,301-400,University of Groningen,Netherlands,,28.7,60.9,81.6,16.2,0.0
2021,Natural Sciences,Mathematics,301-400,University of Haifa,Israel,,28.4,57.4,81.0,16.2,0.0
2021,Natural Sciences,Mathematics,301-400,University of Insubria,Italy,,34.9,78.5,78.0,0.0,0.0
2021,Natural Sciences,Mathematics,301-400,University of Kentucky,United States,,28.9,64.8,66.5,16.2,0.0
2021,Natural Sciences,Mathematics,301-400,University of Leipzig,Germany,,27.4,69.5,70.7,16.2,0.0
2021,Natural Sciences,Mathematics,301-400,University of Liverpool,United Kingdom,,28.7,58.2,80.3,16.2,0.0
2021,Natural Sciences,Mathematics,301-400,University of Ljubljana,Slovenia,,44.1,71.3,76.5,0.0,0.0
2021,Natural Sciences,Mathematics,301-400,University of Macau,Macao (Special Administrative Region of China) [Macao],,36.4,84.2,52.1,0.0,0.0
2021,Natural Sciences,Mathematics,301-400,University of Maribor,Slovenia,,31.0,84.0,77.8,0.0,0.0
2021,Natural Sciences,Mathematics,301-400,University of Nebraska - Lincoln,United States,,25.6,68.5,74.5,16.2,0.0
2021,Natural Sciences,Mathematics,301-400,University of Peshawar,Pakistan,,23.5,100.0,84.3,0.0,0.0
2021,Natural Sciences,Mathematics,301-400,University of Poitiers,France,,23.7,65.0,76.6,22.9,0.0
2021,Natural Sciences,Mathematics,301-400,University of Porto,"Portugal {Includes Madeira, Azores}",,32.9,59.1,75.7,16.2,0.0
2021,Natural Sciences,Mathematics,301-400,University of Quebec Montreal,Canada,,21.8,66.8,85.8,16.2,0.0
2021,Natural Sciences,Mathematics,301-400,University of Salzburg,Austria,,23.9,66.3,75.8,16.2,0.0
2021,Natural Sciences,Mathematics,301-400,University of South Carolina - Columbia,United States,,38.6,84.2,72.2,0.0,0.0
2021,Natural Sciences,Mathematics,301-400,University of South Florida,United States,,31.0,100.0,70.0,0.0,0.0
2021,Natural Sciences,Mathematics,301-400,University of St Andrews,United Kingdom,,25.8,66.4,75.2,16.2,0.0
2021,Natural Sciences,Mathematics,301-400,University of Tennessee - Knoxville,United States,,36.8,78.4,64.9,0.0,0.0
2021,Natural Sciences,Mathematics,301-400,University of the Republic - Uruguay,Uruguay,,23.7,57.6,77.8,22.9,0.0
2021,Natural Sciences,Mathematics,301-400,University of Turku,Finland,,19.5,75.0,72.6,16.2,0.0
2021,Natural Sciences,Mathematics,301-400,University of Verona,Italy,,24.6,96.8,80.5,0.0,0.0
2021,Natural Sciences,Mathematics,301-400,University of Versailles Saint-Quentin-en-Yvelines,France,,30.2,56.5,68.0,16.2,0.0
2021,Natural Sciences,Mathematics,301-400,University of Wroclaw,Poland,,31.9,58.8,68.8,16.2,0.0
2021,Natural Sciences,Mathematics,301-400,University of Zagreb,Croatia,,43.3,61.9,72.3,0.0,0.0
2021,Natural Sciences,Mathematics,301-400,University of Zaragoza,"Spain {includes CEUTA, MELILLA}",,43.3,67.3,68.0,0.0,0.0
2021,Natural Sciences,Mathematics,301-400,Virginia Polytechnic Institute and State University,United States,,42.9,73.5,66.7,0.0,0.0
2021,Natural Sciences,Mathematics,301-400,Vrije Universiteit Amsterdam,Netherlands,,26.4,60.4,81.8,16.2,0.0
2021,Natural Sciences,Mathematics,301-400,Washington University in St. Louis,United States,,29.8,63.8,59.7,16.2,0.0
2021,Natural Sciences,Mathematics,301-400,Yantai University,China,,26.6,100.0,57.7,0.0,0.0
2021,Natural Sciences,Mathematics,301-400,Yeungnam University,"Korea (South) [Korea, Republic of]",,27.0,100.0,85.4,0.0,0.0
2021,Natural Sciences,Mathematics,301-400,Zhengzhou University,China,,43.7,78.6,33.9,0.0,0.0
2021,Natural Sciences,Mathematics,401-500,Aligarh Muslim University,India,,29.3,76.4,81.5,0.0,0.0
2021,Natural Sciences,Mathematics,401-500,Amirkabir University of Technology,"Iran [Iran, Islamic Republic of]",,35.7,79.6,47.7,0.0,0.0
2021,Natural Sciences,Mathematics,401-500,Babeș-Bolyai University,Romania,,38.2,66.1,77.7,0.0,0.0
2021,Natural Sciences,Mathematics,401-500,Brandeis University,United States,,24.1,69.6,58.8,16.2,0.0
2021,Natural Sciences,Mathematics,401-500,Chongqing Normal University,China,,32.7,77.7,51.8,0.0,0.0
2021,Natural Sciences,Mathematics,401-500,Civil Aviation University of China,China,,27.8,100.0,48.0,0.0,0.0
2021,Natural Sciences,Mathematics,401-500,Dartmouth College,United States,,25.4,63.4,69.8,16.2,0.0
2021,Natural Sciences,Mathematics,401-500,Donghua University,China,,32.7,85.7,56.3,0.0,0.0
2021,Natural Sciences,Mathematics,401-500,Duy Tan University,Vietnam,,24.4,84.1,75.9,0.0,0.0
2021,Natural Sciences,Mathematics,401-500,Ecole des Ponts ParisTech,France,,33.7,76.0,70.1,0.0,0.0
2021,Natural Sciences,Mathematics,401-500,Ghent University,Belgium,,41.4,60.6,76.0,0.0,0.0
2021,Natural Sciences,Mathematics,401-500,Guangzhou University,China,,37.4,79.0,49.3,0.0,0.0
2021,Natural Sciences,Mathematics,401-500,Gyeongsang National University,"Korea (South) [Korea, Republic of]",,34.3,71.1,85.2,0.0,0.0
2021,Natural Sciences,Mathematics,401-500,Hangzhou Dianzi University,China,,36.8,71.5,58.8,0.0,0.0
2021,Natural Sciences,Mathematics,401-500,Harbin Engineering University,China,,30.7,82.6,52.2,0.0,0.0
2021,Natural Sciences,Mathematics,401-500,Hiroshima University,Japan,,27.4,59.6,48.0,16.2,0.0
2021,Natural Sciences,Mathematics,401-500,Hokkaido University,Japan,,28.6,53.7,57.7,16.2,0.0
2021,Natural Sciences,Mathematics,401-500,Huaiyin Normal University,China,,29.8,100.0,34.3,0.0,0.0
2021,Natural Sciences,Mathematics,401-500,Hunan Normal University,China,,41.7,67.1,44.6,0.0,0.0
2021,Natural Sciences,Mathematics,401-500,Huzhou University,China,,26.6,100.0,55.2,0.0,0.0
2021,Natural Sciences,Mathematics,401-500,INHA University,"Korea (South) [Korea, Republic of]",,27.4,81.0,75.5,0.0,0.0
2021,Natural Sciences,Mathematics,401-500,Johannes Kepler University Linz,Austria,,39.5,63.1,76.9,0.0,0.0
2021,Natural Sciences,Mathematics,401-500,Kaohsiung Medical University,"China (Taiwan) [Taiwan, Province Of China]",,20.3,87.4,94.8,0.0,0.0
2021,Natural Sciences,Mathematics,401-500,Keio University,Japan,,21.8,72.3,57.1,16.2,0.0
2021,Natural Sciences,Mathematics,401-500,King Fahd University of Petroleum & Minerals,Saudi Arabia,,34.6,69.7,82.8,0.0,0.0
2021,Natural Sciences,Mathematics,401-500,King Mongkut's University of Technology North Bangkok,Thailand,,25.4,84.7,78.9,0.0,0.0
2021,Natural Sciences,Mathematics,401-500,King Mongkut's University of Technology Thonburi,Thailand,,26.8,79.9,86.7,0.0,0.0
2021,Natural Sciences,Mathematics,401-500,Lanzhou University of Technology,China,,28.2,100.0,37.5,0.0,0.0
2021,Natural Sciences,Mathematics,401-500,Leibniz University Hannover,Germany,,37.4,64.0,74.6,0.0,0.0
2021,Natural Sciences,Mathematics,401-500,Lobachevsky State University of Nizhni Novgorod,Russia [Russian Federation],,32.9,69.5,71.4,0.0,0.0
2021,Natural Sciences,Mathematics,401-500,Loughborough University,United Kingdom,,28.4,72.9,83.2,0.0,0.0
2021,Natural Sciences,Mathematics,401-500,Missouri University of Science and Technology,United States,,28.2,78.2,77.8,0.0,0.0
2021,Natural Sciences,Mathematics,401-500,Monash University,Australia,,34.0,63.4,80.2,0.0,0.0
2021,Natural Sciences,Mathematics,401-500,Moscow State University,Russia [Russian Federation],,46.8,53.6,48.7,0.0,0.0
2021,Natural Sciences,Mathematics,401-500,"National University of Ireland, Galway",Ireland,,30.7,75.8,92.1,0.0,0.0
2021,Natural Sciences,Mathematics,401-500,Newcastle University,United Kingdom,,23.0,62.1,86.2,16.2,0.0
2021,Natural Sciences,Mathematics,401-500,Novosibirsk State University,Russia [Russian Federation],,30.5,59.3,54.2,16.2,0.0
2021,Natural Sciences,Mathematics,401-500,Politecnico di Bari,Italy,,26.4,87.6,61.0,0.0,0.0
2021,Natural Sciences,Mathematics,401-500,Pusan National University,"Korea (South) [Korea, Republic of]",,28.9,53.3,52.5,16.2,0.0
2021,Natural Sciences,Mathematics,401-500,Quaid-i-Azam University,Pakistan,,25.8,88.3,82.6,0.0,0.0
2021,Natural Sciences,Mathematics,401-500,Queen's University,Canada,,21.6,53.4,78.2,22.9,0.0
2021,Natural Sciences,Mathematics,401-500,Shanxi University,China,,41.9,72.9,40.7,0.0,0.0
2021,Natural Sciences,Mathematics,401-500,Sichuan Normal University,China,,26.0,100.0,48.8,0.0,0.0
2021,Natural Sciences,Mathematics,401-500,Slovak University of Technology in Bratislava,Slovakia,,29.3,73.7,84.0,0.0,0.0
2021,Natural Sciences,Mathematics,401-500,Soochow University (China),China,,41.6,67.1,48.3,0.0,0.0
2021,Natural Sciences,Mathematics,401-500,Southern University of Science and Technology,China,,30.7,79.5,72.9,0.0,0.0
2021,Natural Sciences,Mathematics,401-500,Southwest Jiaotong University,China,,32.1,80.0,54.6,0.0,0.0
2021,Natural Sciences,Mathematics,401-500,Southwestern University of Finance and Economics,China,,35.8,80.5,47.3,0.0,0.0
2021,Natural Sciences,Mathematics,401-500,Stockholm University,Sweden,,23.0,59.6,77.1,16.2,0.0
2021,Natural Sciences,Mathematics,401-500,Taiyuan University of Technology,China,,32.7,80.1,58.8,0.0,0.0
2021,Natural Sciences,Mathematics,401-500,Technical University of Denmark,Denmark,,34.4,71.2,81.0,0.0,0.0
2021,Natural Sciences,Mathematics,401-500,Technical University of Dortmund,Germany,,29.5,55.7,64.9,16.2,0.0
2021,Natural Sciences,Mathematics,401-500,Temple University,United States,,27.6,61.4,63.5,16.2,0.0
2021,Natural Sciences,Mathematics,401-500,The University of Adelaide,Australia,,30.7,75.4,76.4,0.0,0.0
2021,Natural Sciences,Mathematics,401-500,The University of Texas at Arlington,United States,,26.4,77.9,84.2,0.0,0.0
2021,Natural Sciences,Mathematics,401-500,The University of Western Australia,Australia,,30.2,72.0,86.0,0.0,0.0
2021,Natural Sciences,Mathematics,401-500,Tohoku University,Japan,,42.2,59.7,57.1,0.0,0.0
2021,Natural Sciences,Mathematics,401-500,TU Dresden,Germany,,37.8,62.2,74.8,0.0,0.0
2021,Natural Sciences,Mathematics,401-500,Universidad Del Bio-Bio,Chile,,33.7,68.1,76.7,0.0,0.0
2021,Natural Sciences,Mathematics,401-500,Universite de Tunis El Manar,Tunisia,,41.4,53.8,73.0,0.0,0.0
2021,Natural Sciences,Mathematics,401-500,University at Albany (State University of New York),United States,,19.8,70.0,75.8,16.2,0.0
2021,Natural Sciences,Mathematics,401-500,University of Aveiro,"Portugal {Includes Madeira, Azores}",,31.7,74.4,82.1,0.0,0.0
2021,Natural Sciences,Mathematics,401-500,University of Barcelona,"Spain {includes CEUTA, MELILLA}",,38.8,60.1,73.2,0.0,0.0
2021,Natural Sciences,Mathematics,401-500,University of Belgrade,,,35.1,65.5,72.3,0.0,0.0
2021,Natural Sciences,Mathematics,401-500,University of Bergen,Norway,,33.8,68.4,88.2,0.0,0.0
2021,Natural Sciences,Mathematics,401-500,University of Cagliari,Italy,,27.6,82.9,73.0,0.0,0.0
2021,Natural Sciences,Mathematics,401-500,University of Coimbra,"Portugal {Includes Madeira, Azores}",,35.4,62.2,80.7,0.0,0.0
2021,Natural Sciences,Mathematics,401-500,University of Cologne,Germany,,37.5,67.6,76.4,0.0,0.0
2021,Natural Sciences,Mathematics,401-500,University of Delaware,United States,,35.5,67.0,73.2,0.0,0.0
2021,Natural Sciences,Mathematics,401-500,University of Denver,United States,,19.0,75.7,70.6,16.2,0.0
2021,Natural Sciences,Mathematics,401-500,University of Ferrara,Italy,,30.4,82.1,70.7,0.0,0.0
2021,Natural Sciences,Mathematics,401-500,University of Graz,Austria,,33.4,69.4,75.3,0.0,0.0
2021,Natural Sciences,Mathematics,401-500,University of Houston,United States,,39.6,66.0,72.2,0.0,0.0
2021,Natural Sciences,Mathematics,401-500,University of Ioannina,Greece,,29.7,76.7,91.4,0.0,0.0
2021,Natural Sciences,Mathematics,401-500,University of Mainz,Germany,,26.8,59.0,70.2,16.2,0.0
2021,Natural Sciences,Mathematics,401-500,University of Manitoba,Canada,,28.0,55.5,73.1,16.2,0.0
2021,Natural Sciences,Mathematics,401-500,University of Miami,United States,,26.6,81.7,81.1,0.0,0.0
2021,Natural Sciences,Mathematics,401-500,University of North Carolina at Chapel Hill,United States,,37.8,66.0,61.8,0.0,0.0
2021,Natural Sciences,Mathematics,401-500,University of Osnabrueck,Germany,,19.3,66.3,80.9,16.2,0.0
2021,Natural Sciences,Mathematics,401-500,University of Ottawa,Canada,,25.6,58.2,74.1,16.2,0.0
2021,Natural Sciences,Mathematics,401-500,University of Oulu,Finland,,20.8,68.4,64.9,16.2,0.0
2021,Natural Sciences,Mathematics,401-500,University of Salamanca,"Spain {includes CEUTA, MELILLA}",,25.8,86.4,65.0,0.0,0.0
2021,Natural Sciences,Mathematics,401-500,University of Salerno,Italy,,30.5,71.4,76.7,0.0,0.0
2021,Natural Sciences,Mathematics,401-500,University of Santiago Compostela,"Spain {includes CEUTA, MELILLA}",,35.8,72.0,78.6,0.0,0.0
2021,Natural Sciences,Mathematics,401-500,University of Science and Technology Beijing,China,,37.3,78.1,54.3,0.0,0.0
2021,Natural Sciences,Mathematics,401-500,University of Strathclyde,United Kingdom,,33.5,70.0,84.7,0.0,0.0
2021,Natural Sciences,Mathematics,401-500,University of Stuttgart,Germany,,37.0,70.3,71.4,0.0,0.0
2021,Natural Sciences,Mathematics,401-500,University of Surrey,United Kingdom,,26.8,57.9,65.7,16.2,0.0
2021,Natural Sciences,Mathematics,401-500,University of Texas Rio Grande Valley,United States,,29.7,72.7,81.5,0.0,0.0
2021,Natural Sciences,Mathematics,401-500,University of Trento,Italy,,35.2,68.4,65.9,0.0,0.0
2021,Natural Sciences,Mathematics,401-500,University of Valencia,"Spain {includes CEUTA, MELILLA}",,38.6,54.8,79.7,0.0,0.0
2021,Natural Sciences,Mathematics,401-500,University of Wollongong,Australia,,31.6,73.2,79.4,0.0,0.0
2021,Natural Sciences,Mathematics,401-500,University of Wuerzburg,Germany,,35.5,68.3,75.3,0.0,0.0
2021,Natural Sciences,Mathematics,401-500,Utah State University,United States,,25.6,82.3,81.5,0.0,0.0
2021,Natural Sciences,Mathematics,401-500,Vanderbilt University,United States,,34.4,68.4,65.5,0.0,0.0
2021,Natural Sciences,Mathematics,401-500,Vrije Universiteit Brussel (VUB),Belgium,,20.3,63.6,76.4,16.2,0.0
2021,Natural Sciences,Mathematics,401-500,Waseda University,Japan,,38.9,67.1,62.9,0.0,0.0
2021,Natural Sciences,Mathematics,401-500,Xidian University,China,,38.8,68.8,44.4,0.0,0.0
2021,Natural Sciences,Mathematics,401-500,York University,Canada,,36.4,68.3,83.4,0.0,0.0
2021,Natural Sciences,Mathematics,401-500,Yunnan Normal University,China,,23.9,100.0,42.3,0.0,0.0
